Skills,Project,Internship ,Certification
Agile,Agile,Agile,Agile
API,API,API,API
Artificial Intelligence,Artificial Intelligence,Artificial Intelligence,Artificial Intelligence
Big Data,Big Data,Big Data,Big Data
Blockchain,Blockchain,Blockchain,Blockchain
Business,Business,Business,Business
Cloud,Cloud,Cloud,Cloud
Debugging,Debugging,Debugging,Debugging
Collaboration,Collaboration,Collaboration,Collaboration
Graphics,Graphics,Graphics,Graphics
Vision,Vision,Vision,Vision
Configuration,Configuration,Configuration,Configuration
Integration,Integration,Integration,Integration
Cryptography,Cryptography,Cryptography,Cryptography
Cybersecurity,Cybersecurity,Cybersecurity,Cybersecurity
Analysis,Analysis,Analysis,Analysis
Mining,Mining,Mining,Mining
Modeling,Modeling,Modeling,Modeling
Science,Science,Science,Science
Visualization,Visualization,Visualization,Visualization
Administration,Administration,Administration,Administration
Design,Design,Design,Design
Deep Learning,Deep Learning,Deep Learning,Deep Learning
DevOps,DevOps,DevOps,DevOps
Distributed,Distributed,Distributed,Distributed
Documentation,Documentation,Documentation,Documentation
Resource,Resource,Resource,Resource
Information,Information,Information,Information
Infrastructure,Infrastructure,Infrastructure,Infrastructure
Internet of Things,Internet of Things,Internet of Things,Internet of Things
Java,Java,Java,Java
JavaScript,JavaScript,JavaScript,JavaScript
Linux,Linux,Linux,Linux
Machine,Machine,Machine,Machine
Mobile,Mobile,Mobile,Mobile
Natural,Natural,Natural,Natural
Object-Oriented,Object-Oriented,Object-Oriented,Object-Oriented
Operating,Operating,Operating,Operating
Predictive,Predictive,Predictive,Predictive
Problem Management,Problem Management,Problem Management,Problem Management
Protocols,Protocols,Protocols,Protocols
Quality,Quality,Quality,Quality
React,React,React,React
Redux,Redux,Redux,Redux
Relational,Relational,Relational,Relational
RESTful,RESTful,RESTful,RESTful
Scrum,Scrum,Scrum,Scrum
Security,Security,Security,Security
Software Engineering,Software Engineering,Software Engineering,Software Engineering
Testing,Testing,Testing,Testing
SQL,SQL,SQL,SQL
System,System,System,System
Technical,Technical,Technical,Technical
TensorFlow,TensorFlow,TensorFlow,TensorFlow
Troubleshooting,Troubleshooting,Troubleshooting,Troubleshooting
Experience,Experience,Experience,Experience
Interface,Interface,Interface,Interface
Virtualization,Virtualization,Virtualization,Virtualization
Web Services,Web Services,Web Services,Web Services
Data,Data,Data,Data
Storage,Storage,Storage,Storage
Backup,Backup,Backup,Backup
Recovery,Recovery,Recovery,Recovery
Migration,Migration,Migration,Migration
Network Design,Network Design,Network Design,Network Design
Monitoring,Monitoring,Monitoring,Monitoring
Cloud Integration,Cloud Integration,Cloud Integration,Cloud Integration
Application Maintenance,Application Maintenance,Application Maintenance,Application Maintenance
Deployment,Deployment,Deployment,Deployment
Support,Support,Support,Support
Consulting,Consulting,Consulting,Consulting
Project,Project,Project,Project
Strategy,Strategy,Strategy,Strategy
Policies,Policies,Policies,Policies
Governance,Governance,Governance,Governance
Compliance,Compliance,Compliance,Compliance
Risk,Risk,Risk,Risk
Asset,Asset,Asset,Asset
Vendor,Vendor,Vendor,Vendor
Service,Service,Service,Service
Operations,Operations,Operations,Operations
Performance,Performance,Performance,Performance
Change,Change,Change,Change
Architecture,Architecture,Architecture,Architecture
Development,Development,Development,Development
Graphic,Graphic,Graphic,Graphic
Artificial,Artificial,Artificial,Artificial
C++,C++,C++,C++
Python,Python,Python,Python
C#,C#,C#,C#
PHP,PHP,PHP,PHP
Swift,Swift,Swift,Swift
Ruby,Ruby,Ruby,Ruby
Go,Go,Go,Go
Kotlin,Kotlin,Kotlin,Kotlin
Objective-C,Objective-C,Objective-C,Objective-C
Assembly,Assembly,Assembly,Assembly
Bash,Bash,Bash,Bash
Groovy,Groovy,Groovy,Groovy
Visual Basic,Visual Basic,Visual Basic,Visual Basic
R,R,R,R
Scala,Scala,Scala,Scala
Delphi,Delphi,Delphi,Delphi
Ruby on Rails,Ruby on Rails,Ruby on Rails,Ruby on Rails
TypeScript,TypeScript,TypeScript,TypeScript
F#,F#,F#,F#
Rust,Rust,Rust,Rust
D,D,D,D
Haskell,Haskell,Haskell,Haskell
Elixir,Elixir,Elixir,Elixir
Elm,Elm,Elm,Elm
Erlang,Erlang,Erlang,Erlang
Julia,Julia,Julia,Julia
Luna,Luna,Luna,Luna
OCaml,OCaml,OCaml,OCaml
Perl,Perl,Perl,Perl
PowerShell,PowerShell,PowerShell,PowerShell
PureScript,PureScript,PureScript,PureScript
Reason,Reason,Reason,Reason
Tcl,Tcl,Tcl,Tcl
Verilog,Verilog,Verilog,Verilog
VHDL,VHDL,VHDL,VHDL
HTML,HTML,HTML,HTML
CSS,CSS,CSS,CSS
Angular,Angular,Angular,Angular
Vue,Vue,Vue,Vue
jQuery,jQuery,jQuery,jQuery
Bootstrap,Bootstrap,Bootstrap,Bootstrap
Wordpress,Wordpress,Wordpress,Wordpress
Drupal,Drupal,Drupal,Drupal
Joomla,Joomla,Joomla,Joomla
Magento,Magento,Magento,Magento
Shopify,Shopify,Shopify,Shopify
Django,Django,Django,Django
Flask,Flask,Flask,Flask
Rails,Rails,Rails,Rails
Express,Express,Express,Express
Sinatra,Sinatra,Sinatra,Sinatra
ASP.NET,ASP.NET,ASP.NET,ASP.NET
Node,Node,Node,Node
Socket,Socket,Socket,Socket
REST,REST,REST,REST
GraphQL,GraphQL,GraphQL,GraphQL
JSON,JSON,JSON,JSON
XML,XML,XML,XML
AJAX,AJAX,AJAX,AJAX
DOM,DOM,DOM,DOM
SEO,SEO,SEO,SEO
UX,UX,UX,UX
UI,UI,UI,UI
Responsive,Responsive,Responsive,Responsive
Frontend,Frontend,Frontend,Frontend
Backend,Backend,Backend,Backend
Fullstack,Fullstack,Fullstack,Fullstack
Serverless,Serverless,Serverless,Serverless
Webpack,Webpack,Webpack,Webpack
Parcel,Parcel,Parcel,Parcel
Babel,Babel,Babel,Babel
LESS,LESS,LESS,LESS
SCSS,SCSS,SCSS,SCSS
PostCSS,PostCSS,PostCSS,PostCSS
WebGL,WebGL,WebGL,WebGL
WebSockets,WebSockets,WebSockets,WebSockets
Android,Android,Android,Android
SDK,SDK,SDK,SDK
Gradle,Gradle,Gradle,Gradle
Activity,Activity,Activity,Activity
Fragment,Fragment,Fragment,Fragment
Intent,Intent,Intent,Intent
BroadcastReceiver,BroadcastReceiver,BroadcastReceiver,BroadcastReceiver
ContentProvider,ContentProvider,ContentProvider,ContentProvider
View,View,View,View
Layout,Layout,Layout,Layout
Adapter,Adapter,Adapter,Adapter
AsyncTask,AsyncTask,AsyncTask,AsyncTask
ListView,ListView,ListView,ListView
RecyclerView,RecyclerView,RecyclerView,RecyclerView
GridView,GridView,GridView,GridView
CustomView,CustomView,CustomView,CustomView
Menu,Menu,Menu,Menu
Dialog,Dialog,Dialog,Dialog
Notification,Notification,Notification,Notification
AlertDialog,AlertDialog,AlertDialog,AlertDialog
Toast,Toast,Toast,Toast
Snackbar,Snackbar,Snackbar,Snackbar
ActionBar,ActionBar,ActionBar,ActionBar
Toolbar,Toolbar,Toolbar,Toolbar
TabLayout,TabLayout,TabLayout,TabLayout
NavigationView,NavigationView,NavigationView,NavigationView
DrawerLayout,DrawerLayout,DrawerLayout,DrawerLayout
CoordinatorLayout,CoordinatorLayout,CoordinatorLayout,CoordinatorLayout
CollapsingToolbarLayout,CollapsingToolbarLayout,CollapsingToolbarLayout,CollapsingToolbarLayout
AppBarLayout,AppBarLayout,AppBarLayout,AppBarLayout
CardView,CardView,CardView,CardView
FloatingActionButton,FloatingActionButton,FloatingActionButton,FloatingActionButton
ProgressBar,ProgressBar,ProgressBar,ProgressBar
RatingBar,RatingBar,RatingBar,RatingBar
SeekBar,SeekBar,SeekBar,SeekBar
Switch,Switch,Switch,Switch
ToggleButton,ToggleButton,ToggleButton,ToggleButton
CheckBox,CheckBox,CheckBox,CheckBox
RadioButton,RadioButton,RadioButton,RadioButton
EditText,EditText,EditText,EditText
TextInputLayout,TextInputLayout,TextInputLayout,TextInputLayout
AutoCompleteTextView,AutoCompleteTextView,AutoCompleteTextView,AutoCompleteTextView
MultiAutoCompleteTextView,MultiAutoCompleteTextView,MultiAutoCompleteTextView,MultiAutoCompleteTextView
Spinner,Spinner,Spinner,Spinner
ImageView,ImageView,ImageView,ImageView
ImageButton,ImageButton,ImageButton,ImageButton
Button,Button,Button,Button
TextView,TextView,TextView,TextView
Chronometer,Chronometer,Chronometer,Chronometer
DigitalClock,DigitalClock,DigitalClock,DigitalClock
AnalogClock,AnalogClock,AnalogClock,AnalogClock
VideoView,VideoView,VideoView,VideoView
WebView,WebView,WebView,WebView
MapView,MapView,MapView,MapView
GoogleMap,GoogleMap,GoogleMap,GoogleMap
SupportMapFragment,SupportMapFragment,SupportMapFragment,SupportMapFragment
Sensor,Sensor,Sensor,Sensor
Accelerometer,Accelerometer,Accelerometer,Accelerometer
Compass,Compass,Compass,Compass
Gyroscope,Gyroscope,Gyroscope,Gyroscope
Light,Light,Light,Light
Proximity,Proximity,Proximity,Proximity
Fingerprint,Fingerprint,Fingerprint,Fingerprint
Biometric,Biometric,Biometric,Biometric
Face,Face,Face,Face
Barcode,Barcode,Barcode,Barcode
NFC,NFC,NFC,NFC
Bluetooth,Bluetooth,Bluetooth,Bluetooth
WiFi,WiFi,WiFi,WiFi
Location,Location,Location,Location
Geocoder,Geocoder,Geocoder,Geocoder
GooglePlayServices,GooglePlayServices,GooglePlayServices,GooglePlayServices
Computer Science,Computer Science,Computer Science,Computer Science
Information Technology,Information Technology,Information Technology,Information Technology
Engineering,Engineering,Engineering,Engineering
Networking,Networking,Networking,Networking
Hardware,Hardware,Hardware,Hardware
Software,Software,Software,Software
Programming,Programming,Programming,Programming
Algorithms,Algorithms,Algorithms,Algorithms
Data Structures,Data Structures,Data Structures,Data Structures
Theory,Theory,Theory,Theory
Management,Management,Management,Management
Maintenance,Maintenance,Maintenance,Maintenance
Communication,Communication,Communication,Communication
Interpersonal,Interpersonal,Interpersonal,Interpersonal
Leadership,Leadership,Leadership,Leadership
Ethics,Ethics,Ethics,Ethics
Law,Law,Law,Law
Economics,Economics,Economics,Economics
Marketing,Marketing,Marketing,Marketing
Finance,Finance,Finance,Finance
Accounting,Accounting,Accounting,Accounting
Human Resources Management,Human Resources Management,Human Resources Management,Human Resources Management
Psychology,Psychology,Psychology,Psychology
Sociology,Sociology,Sociology,Sociology
Anthropology,Anthropology,Anthropology,Anthropology
Politics,Politics,Politics,Politics
Philosophy,Philosophy,Philosophy,Philosophy
Education,Education,Education,Education
Art,Art,Art,Art
Music,Music,Music,Music
Literature,Literature,Literature,Literature
Film,Film,Film,Film
Theatre,Theatre,Theatre,Theatre
Television,Television,Television,Television
Radio,Radio,Radio,Radio
Journalism,Journalism,Journalism,Journalism
Photography,Photography,Photography,Photography
Graphic Design,Graphic Design,Graphic Design,Graphic Design
Fashion,Fashion,Fashion,Fashion
Interior,Interior,Interior,Interior
Landscape,Landscape,Landscape,Landscape
Industrial,Industrial,Industrial,Industrial
Product,Product,Product,Product
Transportation,Transportation,Transportation,Transportation
Game,Game,Game,Game
Animation,Animation,Animation,Animation
Multimedia,Multimedia,Multimedia,Multimedia
Web,Web,Web,Web
Analytics,Analytics,Analytics,Analytics
Machine Learning,Machine Learning,Machine Learning,Machine Learning
Robotics,Robotics,Robotics,Robotics
Virtual,Virtual,Virtual,Virtual
Augmented Reality,Augmented Reality,Augmented Reality,Augmented Reality
PlayStore,PlayStore,PlayStore,PlayStore
